order_detail_id,order_id,product_id,quantity
1,142,93,4
2,25,95,5
3,155,27,5
4,39,71,3
5,174,38,5
6,69,5,4
7,417,47,1
8,15,41,4
9,384,21,5
10,21,91,5
11,360,85,5
12,218,24,2
13,120,15,5
14,67,76,5
15,63,93,3
16,235,26,1
17,185,59,3
18,475,79,3
19,113,82,1
20,8,63,1
21,85,33,5
22,21,2,2
23,392,11,5
24,419,23,1
25,485,68,2
26,108,57,3
27,125,63,5
28,191,42,4
29,484,84,1
30,100,77,2
31,97,88,5
32,153,75,4
33,315,61,3
34,12,63,1
35,477,14,5
36,341,80,4
37,424,91,5
38,176,44,1
39,332,54,2
40,360,66,4
41,488,78,5
42,339,71,5
43,438,62,5
44,349,95,5
45,464,99,4
46,310,61,2
47,427,35,5
48,155,73,4
49,311,70,3
50,131,40,1
51,310,97,1
52,401,59,4
53,457,46,2
54,261,57,2
55,359,61,3
56,357,81,2
57,197,56,1
58,329,15,3
59,447,2,3
60,385,70,1
61,157,49,1
62,167,44,3
63,302,7,2
64,367,11,3
65,62,86,1
66,66,100,3
67,492,53,5
68,175,30,1
69,493,83,2
70,387,99,5
71,384,74,3
72,155,38,4
73,216,68,4
74,416,10,2
75,209,30,5
76,22,80,2
77,323,29,2
78,366,51,4
79,108,80,2
80,369,39,3
81,1,92,3
82,228,64,2
83,346,19,1
84,190,56,5
85,176,66,4
86,163,78,1
87,299,83,3
88,415,71,3
89,220,2,3
90,386,12,4
91,59,65,2
92,446,78,3
93,224,48,2
94,28,14,5
95,264,66,5
96,84,17,3
97,473,7,1
98,112,1,1
99,217,94,1
100,34,8,1
101,18,69,3
102,171,3,5
103,5,72,2
104,241,26,3
105,152,75,5
106,268,33,2
107,94,27,4
108,455,8,2
109,497,72,4
110,19,43,3
111,209,16,1
112,289,24,5
113,328,12,2
114,112,29,2
115,156,13,1
116,407,41,2
117,33,57,2
118,119,6,3
119,493,45,1
120,302,12,4
121,103,30,2
122,62,8,2
123,28,96,1
124,45,96,2
125,481,37,3
126,270,55,2
127,370,5,3
128,392,25,3
129,180,46,4
130,392,85,5
131,196,87,4
132,46,55,2
133,426,63,3
134,467,23,5
135,333,15,2
136,38,99,4
137,454,36,5
138,156,43,3
139,210,59,3
140,181,41,4
141,491,61,5
142,9,48,2
143,155,22,3
144,291,17,5
145,365,94,2
146,86,59,2
147,70,21,1
148,417,79,3
149,121,46,3
150,88,36,4
151,159,10,4
152,79,71,3
153,454,58,1
154,433,20,3
155,36,88,2
156,246,69,1
157,24,93,2
158,333,46,3
159,260,46,5
160,322,86,3
161,176,84,1
162,95,49,1
163,139,79,2
164,32,32,3
165,168,73,4
166,126,47,1
167,119,38,5
168,4,26,1
169,500,18,2
170,189,65,3
171,73,21,2
172,39,40,5
173,262,66,5
174,308,70,4
175,442,57,5
176,263,61,2
177,263,46,2
178,222,10,3
179,106,30,2
180,69,99,2
181,11,21,4
182,186,24,1
183,402,47,1
184,313,31,2
185,45,57,2
186,309,44,2
187,295,89,1
188,112,41,4
189,283,5,1
190,437,47,4
191,287,45,2
192,250,9,5
193,164,86,5
194,343,40,5
195,163,74,1
196,247,44,4
197,436,10,3
198,33,85,3
199,10,24,3
200,116,41,3
201,428,33,3
202,488,63,4
203,487,2,3
204,84,82,3
205,25,15,4
206,221,79,2
207,143,46,5
208,254,74,3
209,312,33,2
210,166,19,3
211,49,51,3
212,268,96,5
213,357,25,4
214,231,20,4
215,498,90,2
216,20,94,2
217,41,95,1
218,20,67,5
219,242,73,4
220,359,42,5
221,408,22,5
222,363,64,4
223,7,50,5
224,371,72,4
225,85,76,5
226,192,7,3
227,421,46,4
228,122,89,5
229,156,12,4
230,389,46,2
231,83,18,4
232,477,6,3
233,291,44,2
234,292,63,4
235,5,74,2
236,453,79,1
237,228,84,2
238,261,27,4
239,239,16,3
240,135,18,2
241,169,17,2
242,413,95,5
243,272,40,2
244,284,91,4
245,240,59,5
246,283,40,2
247,267,79,5
248,490,40,5
249,432,27,3
250,345,20,1
251,417,44,1
252,218,49,5
253,377,23,5
254,455,57,4
255,418,69,4
256,187,27,1
257,44,93,1
258,50,69,4
259,71,57,4
260,94,61,4
261,268,76,1
262,301,25,5
263,231,63,4
264,149,45,2
265,432,77,3
266,93,100,1
267,285,8,1
268,500,71,2
269,229,41,4
270,172,96,1
271,199,7,4
272,143,53,4
273,170,65,1
274,85,52,5
275,444,55,5
276,380,62,5
277,77,41,2
278,180,18,5
279,100,29,2
280,455,59,2
281,53,90,1
282,218,7,4
283,78,48,5
284,165,36,4
285,8,50,4
286,367,58,3
287,380,92,3
288,330,75,4
289,161,97,3
290,90,13,4
291,93,58,2
292,235,14,5
293,64,69,3
294,162,64,5
295,479,82,3
296,371,75,3
297,288,76,4
298,166,63,4
299,422,69,2
300,86,31,5
301,103,77,2
302,27,100,3
303,464,80,1
304,169,54,1
305,177,47,3
306,308,77,4
307,108,37,2
308,161,51,4
309,343,100,2
310,5,50,3
311,310,100,5
312,430,29,2
313,34,79,3
314,197,27,3
315,50,56,1
316,414,45,1
317,414,53,2
318,58,69,2
319,386,44,2
320,193,56,3
321,278,82,5
322,499,36,2
323,100,21,2
324,497,69,2
325,494,19,1
326,227,75,5
327,67,56,2
328,436,43,5
329,407,94,3
330,305,18,1
331,184,100,2
332,116,31,4
333,304,63,1
334,473,84,1
335,69,69,4
336,290,19,2
337,185,91,2
338,144,95,3
339,34,50,4
340,16,68,4
341,455,26,2
342,106,89,1
343,370,90,3
344,22,35,5
345,97,10,1
346,417,99,1
347,444,52,3
348,54,58,5
349,268,91,4
350,342,36,2
351,221,48,3
352,478,97,4
353,211,56,3
354,495,71,2
355,101,9,2
356,122,31,1
357,124,86,4
358,234,79,4
359,291,13,1
360,89,68,1
361,23,56,3
362,213,17,2
363,356,99,3
364,464,54,3
365,300,96,1
366,260,59,2
367,353,67,3
368,300,8,3
369,61,32,1
370,224,20,1
371,188,17,2
372,148,4,4
373,327,4,4
374,35,97,5
375,221,12,4
376,279,78,5
377,50,17,5
378,435,87,4
379,330,78,5
380,488,53,2
381,467,67,4
382,245,94,3
383,225,15,1
384,108,76,5
385,444,90,3
386,54,13,3
387,55,26,1
388,354,84,5
389,45,1,5
390,222,31,1
391,158,63,5
392,32,74,4
393,287,39,4
394,322,6,5
395,15,36,5
396,245,57,2
397,138,42,4
398,227,69,1
399,138,66,2
400,382,91,4
401,234,38,5
402,303,24,3
403,262,85,4
404,389,86,4
405,351,72,5
406,204,62,2
407,157,3,1
408,76,64,1
409,424,47,3
410,433,40,5
411,451,39,2
412,55,65,2
413,234,5,4
414,241,94,5
415,467,42,5
416,191,17,1
417,276,26,3
418,319,9,4
419,146,2,3
420,372,65,1
421,290,52,1
422,51,88,3
423,310,80,5
424,476,58,1
425,313,64,5
426,176,76,1
427,97,22,1
428,316,15,1
429,61,72,5
430,157,97,2
431,83,69,2
432,117,28,1
433,258,46,5
434,223,35,5
435,69,37,5
436,416,32,1
437,439,77,3
438,30,3,4
439,313,37,4
440,217,56,1
441,95,28,1
442,477,82,4
443,489,54,3
444,482,46,5
445,467,19,2
446,405,29,2
447,415,8,3
448,35,58,3
449,417,28,2
450,132,20,5
451,196,14,4
452,351,94,5
453,1,61,3
454,135,100,3
455,460,27,2
456,354,82,4
457,340,5,4
458,235,69,1
459,68,30,4
460,331,13,3
461,360,80,4
462,103,67,3
463,51,32,2
464,252,74,1
465,92,64,3
466,362,83,5
467,325,80,4
468,205,71,4
469,429,97,1
470,321,52,2
471,218,17,1
472,150,50,5
473,221,82,1
474,104,77,3
475,246,77,4
476,136,66,1
477,167,20,5
478,366,69,3
479,484,87,1
480,288,85,1
481,395,48,4
482,136,97,1
483,146,18,1
484,209,91,4
485,15,62,5
486,369,17,5
487,497,51,4
488,411,99,2
489,261,4,4
490,412,8,4
491,308,11,2
492,345,6,4
493,43,38,5
494,21,45,1
495,35,10,1
496,300,40,3
497,158,12,5
498,241,80,3
499,436,42,2
500,455,81,3
501,449,68,2
502,168,78,2
503,128,82,2
504,160,40,5
505,166,92,3
506,301,1,4
507,130,85,2
508,76,31,2
509,44,34,4
510,104,18,2
511,418,71,5
512,38,41,4
513,466,91,2
514,82,5,4
515,111,52,1
516,359,40,2
517,370,82,3
518,262,84,4
519,173,11,1
520,37,30,1
521,269,60,5
522,235,2,5
523,488,22,4
524,222,70,1
525,99,2,2
526,158,28,5
527,311,38,3
528,136,45,3
529,148,7,1
530,448,2,4
531,22,27,1
532,162,58,3
533,59,32,1
534,99,4,2
535,326,18,5
536,306,88,1
537,226,94,1
538,287,30,4
539,89,69,1
540,115,18,1
541,9,18,3
542,468,74,1
543,265,70,3
544,100,51,1
545,279,36,3
546,133,70,4
547,448,52,5
548,271,69,4
549,143,12,2
550,389,62,5
551,202,18,5
552,107,68,1
553,265,7,3
554,75,29,3
555,204,6,4
556,373,76,4
557,426,65,1
558,409,89,1
559,68,72,4
560,280,50,5
561,140,76,1
562,112,25,3
563,362,49,3
564,466,67,1
565,478,73,3
566,98,69,5
567,380,69,2
568,118,12,2
569,246,22,1
570,337,52,3
571,8,20,1
572,430,6,5
573,221,61,2
574,483,28,5
575,240,85,1
576,497,85,4
577,447,29,1
578,66,44,5
579,244,64,5
580,339,48,4
581,419,75,2
582,434,57,3
583,483,52,3
584,198,73,2
585,194,80,1
586,93,88,5
587,323,45,1
588,14,54,5
589,253,8,4
590,462,15,2
591,233,45,5
592,47,43,1
593,142,76,5
594,393,79,3
595,67,74,2
596,221,88,3
597,367,57,2
598,251,96,4
599,15,65,3
600,62,37,3
601,13,73,1
602,167,81,5
603,340,24,2
604,151,95,1
605,88,59,3
606,205,82,4
607,444,87,4
608,341,85,1
609,289,63,5
610,43,86,1
611,31,3,3
612,19,35,3
613,91,69,4
614,317,92,3
615,9,59,3
616,122,29,3
617,377,92,1
618,12,57,5
619,102,51,2
620,92,30,1
621,203,6,2
622,164,1,4
623,276,80,5
624,84,5,4
625,114,33,5
626,498,57,2
627,430,6,5
628,432,92,4
629,211,52,5
630,219,35,4
631,173,73,1
632,41,61,4
633,83,56,2
634,428,70,5
635,399,65,5
636,319,23,3
637,212,96,4
638,147,45,4
639,446,51,5
640,193,37,2
641,184,70,5
642,416,92,5
643,116,34,1
644,437,85,1
645,135,91,4
646,83,34,5
647,130,63,1
648,82,62,1
649,113,20,1
650,197,8,2
651,35,13,4
652,282,94,4
653,403,4,1
654,139,7,5
655,242,95,2
656,183,77,4
657,57,44,3
658,448,49,4
659,149,11,2
660,419,93,4
661,288,45,4
662,221,91,4
663,301,35,2
664,78,7,3
665,493,46,4
666,35,81,5
667,407,41,5
668,463,23,2
669,392,93,1
670,273,27,4
671,485,91,2
672,184,79,5
673,467,81,2
674,396,27,3
675,88,96,2
676,332,52,4
677,251,45,1
678,273,10,1
679,189,32,2
680,110,51,4
681,262,76,3
682,219,77,3
683,474,62,3
684,42,76,5
685,29,100,2
686,470,72,4
687,486,23,1
688,5,9,1
689,94,36,2
690,369,59,4
691,366,70,5
692,139,90,3
693,286,50,1
694,363,51,4
695,124,10,3
696,69,88,5
697,14,81,4
698,327,8,3
699,177,99,1
700,356,80,4
701,163,75,1
702,391,69,3
703,471,94,4
704,356,98,1
705,299,88,4
706,438,88,1
707,217,52,1
708,440,73,1
709,6,100,5
710,305,53,3
711,90,52,1
712,74,37,5
713,359,79,4
714,422,83,2
715,404,73,4
716,371,38,5
717,416,77,3
718,380,87,1
719,399,51,5
720,482,76,4
721,468,19,3
722,88,59,4
723,296,72,2
724,258,83,1
725,310,76,5
726,202,34,4
727,251,94,1
728,412,81,3
729,82,82,3
730,199,36,1
731,131,2,1
732,427,86,1
733,240,20,4
734,124,31,1
735,116,11,1
736,418,13,1
737,297,85,1
738,23,33,4
739,76,45,1
740,26,50,5
741,320,29,2
742,275,74,4
743,449,22,3
744,425,78,4
745,424,66,5
746,343,22,3
747,272,10,1
748,490,2,5
749,153,13,4
750,45,1,1
751,380,36,5
752,157,76,5
753,485,98,3
754,235,50,1
755,416,83,2
756,157,83,2
757,261,65,1
758,188,91,4
759,49,56,2
760,141,15,3
761,130,98,2
762,169,80,2
763,286,29,5
764,4,30,4
765,184,83,2
766,210,86,3
767,219,80,4
768,58,33,1
769,271,38,5
770,164,26,2
771,118,95,2
772,193,45,3
773,447,1,4
774,396,65,2
775,219,98,4
776,47,67,3
777,52,29,1
778,219,52,2
779,59,86,4
780,422,67,2
781,83,28,3
782,188,91,3
783,178,96,3
784,291,97,2
785,16,29,3
786,473,62,5
787,275,3,3
788,9,23,2
789,133,83,2
790,38,55,3
791,353,48,2
792,55,1,4
793,174,74,3
794,351,53,3
795,302,89,3
796,484,52,5
797,142,99,3
798,315,10,4
799,115,79,4
800,452,45,3
801,368,4,1
802,305,68,1
803,88,80,2
804,396,69,4
805,435,38,4
806,205,80,1
807,35,51,2
808,375,76,2
809,432,61,4
810,253,13,4
811,470,83,2
812,462,92,4
813,111,84,3
814,496,72,1
815,441,39,3
816,404,18,3
817,422,83,5
818,156,61,2
819,224,43,5
820,165,27,3
821,21,40,5
822,471,74,3
823,255,39,3
824,82,38,3
825,410,43,2
826,133,50,4
827,482,85,4
828,370,22,4
829,21,12,5
830,106,41,1
831,268,96,3
832,21,54,1
833,490,80,3
834,67,2,3
835,124,80,3
836,266,56,2
837,267,11,1
838,172,3,4
839,14,22,3
840,412,86,5
841,425,27,4
842,149,81,2
843,23,5,4
844,200,70,1
845,195,37,4
846,466,7,2
847,171,54,5
848,295,63,5
849,105,75,5
850,346,12,3
851,408,82,4
852,444,84,2
853,400,31,5
854,486,63,1
855,411,82,4
856,348,51,2
857,131,100,1
858,145,5,3
859,400,11,2
860,317,33,4
861,356,56,3
862,52,39,1
863,245,23,3
864,281,27,2
865,22,87,4
866,283,2,5
867,258,39,1
868,373,49,3
869,50,33,2
870,307,90,2
871,38,23,5
872,329,49,5
873,291,93,1
874,113,52,1
875,344,1,5
876,213,98,5
877,409,99,2
878,28,95,4
879,335,54,2
880,82,29,1
881,314,58,5
882,279,43,3
883,99,65,5
884,131,50,2
885,344,38,5
886,132,92,2
887,365,81,3
888,186,75,3
889,257,83,2
890,396,25,5
891,339,3,1
892,112,36,2
893,378,42,2
894,84,84,1
895,312,29,4
896,135,33,2
897,326,34,4
898,22,99,1
899,443,20,4
900,481,56,3
901,487,47,4
902,399,46,5
903,102,37,3
904,410,34,4
905,317,20,5
906,183,19,4
907,32,10,3
908,39,100,4
909,107,59,3
910,21,35,3
911,432,1,5
912,254,56,4
913,217,97,3
914,478,78,4
915,390,25,4
916,442,51,3
917,456,13,1
918,490,94,2
919,362,44,3
920,292,55,4
921,64,49,1
922,223,78,2
923,58,30,4
924,197,23,2
925,113,80,1
926,355,45,3
927,259,57,2
928,194,81,4
929,289,24,1
930,258,26,2
931,391,17,1
932,141,72,1
933,3,48,3
934,426,28,1
935,478,40,2
936,66,9,2
937,302,54,3
938,392,17,1
939,462,25,2
940,309,54,2
941,401,51,5
942,435,63,2
943,309,9,4
944,125,27,1
945,350,20,2
946,461,25,5
947,315,90,2
948,281,34,1
949,395,97,5
950,470,48,1
951,183,68,3
952,92,85,5
953,241,56,5
954,470,74,5
955,114,17,5
956,302,16,4
957,380,55,3
958,115,57,5
959,487,51,3
960,343,73,2
961,27,99,1
962,189,80,4
963,83,85,4
964,294,48,3
965,80,59,2
966,280,62,5
967,145,77,2
968,66,78,2
969,145,14,1
970,336,30,4
971,263,28,3
972,253,92,1
973,193,27,1
974,159,96,3
975,319,27,4
976,7,98,4
977,167,54,2
978,332,14,2
979,259,7,4
980,485,21,1
981,264,64,4
982,189,71,4
983,15,83,5
984,342,56,4
985,493,31,5
986,5,72,1
987,495,84,2
988,332,41,1
989,500,18,4
990,431,90,2
991,232,19,2
992,129,65,4
993,355,12,5
994,64,10,4
995,430,62,3
996,108,5,5
997,210,29,4
998,489,26,2
999,122,26,5
1000,342,44,3
1001,476,62,5
1002,295,65,2
1003,389,28,3
1004,64,99,5
1005,6,98,1
1006,320,41,1
1007,407,68,2
1008,234,70,1
1009,210,93,2
1010,420,70,1
1011,406,92,2
1012,164,86,3
1013,232,96,2
1014,458,52,4
1015,431,11,4
1016,188,2,3
1017,109,75,3
1018,192,81,1
1019,49,58,4
1020,158,90,2
1021,154,95,2
1022,382,43,3
1023,109,6,1
1024,492,3,2
1025,308,60,3
1026,495,92,1
1027,137,76,5
1028,463,35,1
1029,368,82,2
1030,452,2,2
1031,385,53,3
1032,139,64,1
1033,198,15,3
1034,355,54,2
1035,118,67,5
1036,224,73,3
1037,6,1,2
1038,400,61,2
1039,475,45,1
1040,489,77,2
1041,286,83,5
1042,80,17,4
1043,72,79,3
1044,100,17,2
1045,312,89,1
1046,66,100,1
1047,306,36,3
1048,181,1,2
1049,359,2,1
1050,409,59,4
1051,366,51,3
1052,351,18,4
1053,219,97,3
1054,402,58,3
1055,150,61,2
1056,499,35,1
1057,160,30,1
1058,256,8,1
1059,41,77,4
1060,2,82,2
1061,68,92,4
1062,413,95,5
1063,489,50,2
1064,304,80,3
1065,94,93,2
1066,83,12,3
1067,178,12,1
1068,478,72,2
1069,105,43,5
1070,275,58,1
1071,221,74,3
1072,483,22,2
1073,317,14,3
1074,440,24,4
1075,313,11,4
1076,221,28,1
1077,35,86,3
1078,169,51,3
1079,298,42,4
1080,265,80,5
1081,334,10,2
1082,458,53,3
1083,270,95,4
1084,178,89,1
1085,230,43,1
1086,116,39,4
1087,343,87,2
1088,99,36,5
1089,316,6,2
1090,432,75,3
1091,30,85,1
1092,137,82,5
1093,58,24,5
1094,232,73,2
1095,477,60,4
1096,28,19,4
1097,413,47,5
1098,150,96,4
1099,463,12,5
1100,224,17,5
1101,120,55,4
1102,33,76,3
1103,273,67,2
1104,32,91,2
1105,98,3,3
1106,122,31,5
1107,270,84,4
1108,286,54,2
1109,402,31,1
1110,113,66,5
1111,494,8,2
1112,441,71,1
1113,409,4,2
1114,279,35,2
1115,185,43,2
1116,49,33,4
1117,183,77,1
1118,281,8,4
1119,20,94,3
1120,160,39,4
1121,158,50,4
1122,151,87,1
1123,300,88,1
1124,366,14,4
1125,38,27,1
1126,323,2,2
1127,241,10,2
1128,496,44,2
1129,466,38,3
1130,442,60,4
1131,357,72,5
1132,366,66,2
1133,357,60,4
1134,43,94,1
1135,38,39,5
1136,231,27,3
1137,418,54,2
1138,329,78,4
1139,193,94,4
1140,114,32,4
1141,8,38,3
1142,243,64,3
1143,387,15,5
1144,370,89,1
1145,110,89,4
1146,199,28,4
1147,32,94,2
1148,390,90,4
1149,218,48,5
1150,73,9,5
1151,365,21,1
1152,299,100,2
1153,389,65,5
1154,460,93,4
1155,336,40,3
1156,244,18,1
1157,363,58,4
1158,343,87,5
1159,177,56,3
1160,439,28,3
1161,105,86,4
1162,296,61,3
1163,352,80,4
1164,146,36,4
1165,34,15,3
1166,230,88,3
1167,266,30,5
1168,463,41,2
1169,80,21,3
1170,363,32,4
1171,432,4,4
1172,204,29,2
1173,37,11,2
1174,240,78,4
1175,408,29,3
1176,310,51,3
1177,5,37,2
1178,62,95,4
1179,145,95,3
1180,353,54,5
1181,32,85,2
1182,50,99,2
1183,266,63,4
1184,57,8,3
1185,332,41,3
1186,19,40,4
1187,17,45,3
1188,287,81,2
1189,135,96,3
1190,87,37,5
1191,174,72,1
1192,459,90,1
1193,66,17,4
1194,166,44,4
1195,86,38,1
1196,387,34,1
1197,279,82,5
1198,292,3,4
1199,277,60,1
1200,414,80,5
